Workbook

Sheet OA
B1: ORDEN DE APLICACIÓN DE AGROQUÍMICOS | I1: N. Orden: | K1: SP-042
B2: San Pedro SpA · Emisión: | I2: Fecha Emisión: | K2: 08-05-2026
A4: DATOS DE LA AGRÍCOLA
A5: Razón Social | B5: San Pedro SpA | E5: RUT | F5: 76.123.456-7 | H5: Predio | I5: Campo San Pablo | K5: CSG-001
A6: Dirección | B6: Camino El Romero s/n | H6: Localidad | I6: La Serena, Elqui, Coquimbo
A8: DATOS DE APLICACIÓN
A9: Fecha Inicio | B9: 10-05-2026 | D9: Especie | E9: Limón | G9: Variedad | H9: Fino 49 | J9: E. Fenológico | K9: Frutos 40-60 mm
A10: Cuarteles | B10: 15–16, 18–20 (5 cuarteles) | F10: Sup. Total (ha) | G10: 23.11 | H10: Mojamiento (L/ha) | I10: 4500 | J10: Cap. Estanque (L) | K10: 2000
A11: Mercado Destino | B11: Exportación — China/UE | E11: Forma Aplic. | F11: Pulverizadora | H11: Reingreso | I11: 24 h · Emb./Lact.: 48 h
A12: PRODUCTOS — MEZCLA DE APLICACIÓN
A13: Nombre comercial | B13: Ingrediente activo | C13: Objetivo | D13: Dosis/100L (cc ó g) | E13: Dosis/Ha (L ó kg) | F13: Nec. Maquinada (L ó kg) | G13: Nec. Total (L ó kg) | H13: Carencia Etiq. (días) | I13: Carencia ASOEX (días) | J13: Usos/ Temp.
A14: Defender Potasio | B14: Fosfito de potasio | C14: Nutricion / Resistencia | D14: 300 | E14: =IFERROR(D14*J10/100/1000,"—") | F14: =IFERROR(D14*K10/100/1000,"—") | G14: =IFERROR(D14*J10*G10/100/1000,"—") | H14: 0 | I14: — | J14: —
A15: Ripper Max 75 SG | B15: Abamectina 75 g/kg | C15: Acaros / Mosquita blanca | D15: 1000 | E15: =IFERROR(D15*J10/100/1000,"—") | F15: =IFERROR(D15*K10/100/1000,"—") | G15: =IFERROR(D15*J10*G10/100/1000,"—") | H15: 14 | I15: 30 | J15: 1 de 3
A16: Exirel 200 SC | B16: Cyantraniliprole 200 g/L | C16: Trips / Lepidópteros | D16: 50 | E16: =IFERROR(D16*J10/100/1000,"—") | F16: =IFERROR(D16*K10/100/1000,"—") | G16: =IFERROR(D16*J10*G10/100/1000,"—") | H16: 7 | I16: 14 | J16: 1 de 2
H17: — | I17: — | J17: —
H18: — | I18: — | J18: —
H19: — | I19: — | J19: —
H20: — | I20: — | J20: —
H21: — | I21: — | J21: —
H22: — | I22: — | J22: —
H23: — | I23: — | J23: —
A24: * Celdas amarillas = entrada manual · Celdas verdes = cálculo automático · Dosis/ha = Dosis/100L × Mojamiento ÷ 100 ÷ 1000
A26: ⚠ Fecha posible Cosecha = Fecha aplicación (día 0) + días carencia + 1. Ej: aplicado 10-05 (día 0) + 30 días ASOEX + 1 = cosecha no antes del 11-06-2026. — Carencia mayor este OA: Ripper Max ASOEX 30 días.
A28: INSTRUCCIONES DE SEGURIDAD
A29: • Verifique que SAG, apicultores, y poblaciones cercanas estén notificados.
A30: • Use siempre su equipo de protección personal (EPP) y lea la etiqueta del producto.
A31: • No debe haber terceros durante la aplicación.
A33: Responsable Técnico | D33: Emisor | H33: Recibe

Sheet Desglose
A1: DESGLOSE POR CUARTEL — Cantidades de producto por carga
A2: =OA!K1 | E2: Mojamiento (L/ha): | H2: =OA!J10 | I2: Cap. estanque (L): | J2: =OA!K10
B4: Cuartel | C4: Sup. (ha) | D4: Vol. solución (L) | E4: Maq. completas ×J2 L | F4: L adicionales | G4: Defender Potasio (L) NA ·· FERT | H4: Ripper Max 75 SG (kg) Ib ·· ACAR | I4: Exirel 200 SC (L) U ·· INSC | J4: Prod.4 (L ó kg)
B5: 15 | C5: 3.79 | D5: =C5*OA!$J$10 | E5: =INT(D5/OA!$K$10) | F5: =D5-E5*OA!$K$10 | G5: =IFERROR(D5*OA!$D$14/100/1000,"—") | H5: =IFERROR(D5*OA!$D$15/100/1000,"—") | I5: =IFERROR(D5*OA!$D$16/100/1000,"—")
B6: 16 | C6: 4.31 | D6: =C6*OA!$J$10 | E6: =INT(D6/OA!$K$10) | F6: =D6-E6*OA!$K$10 | G6: =IFERROR(D6*OA!$D$14/100/1000,"—") | H6: =IFERROR(D6*OA!$D$15/100/1000,"—") | I6: =IFERROR(D6*OA!$D$16/100/1000,"—")
B7: 18 | C7: 4.73 | D7: =C7*OA!$J$10 | E7: =INT(D7/OA!$K$10) | F7: =D7-E7*OA!$K$10 | G7: =IFERROR(D7*OA!$D$14/100/1000,"—") | H7: =IFERROR(D7*OA!$D$15/100/1000,"—") | I7: =IFERROR(D7*OA!$D$16/100/1000,"—")
B8: 19 | C8: 5.14 | D8: =C8*OA!$J$10 | E8: =INT(D8/OA!$K$10) | F8: =D8-E8*OA!$K$10 | G8: =IFERROR(D8*OA!$D$14/100/1000,"—") | H8: =IFERROR(D8*OA!$D$15/100/1000,"—") | I8: =IFERROR(D8*OA!$D$16/100/1000,"—")
B9: 20 | C9: 5.14 | D9: =C9*OA!$J$10 | E9: =INT(D9/OA!$K$10) | F9: =D9-E9*OA!$K$10 | G9: =IFERROR(D9*OA!$D$14/100/1000,"—") | H9: =IFERROR(D9*OA!$D$15/100/1000,"—") | I9: =IFERROR(D9*OA!$D$16/100/1000,"—")
B10: TOTAL | C10: =SUM(C5:C9) | D10: =SUM(D5:D9) | E10: =SUM(E5:E9) | F10: =SUM(F5:F9) | G10: =SUM(G5:G9) | H10: =SUM(H5:H9) | I10: =SUM(I5:I9) | J10: =SUM(J5:J9)
A12: * Maq. completa = capacidad estanque OA!K10 L · Cantidades referenciales según calibración vigente. · FERT=Fertilizante ACAR=Acaricida INSC=Insecticida
A13: * Columna 'Categ. OMS': borde inferior grueso color según categoría — Ia=#7b0000 Ib=#e53e3e II=#d69e2e III=#3182ce U=#38a169 NA=#888888
